,mean,stddev,outlet
0,0.35146341295396316,0.006709064043368848,HUFF
1,0.31653082657855997,0.006257884265969623,CNN
2,0.38691772192794577,0.007052238157782587,NYT
3,0.2755227366609484,0.005249730503664075,FOX
4,0.31608078930631517,0.012733245544216395,NYP
5,0.2641952911668004,0.008597137328524752,BREIT
